id,brand,type_of_product,name,skintype,size,price (bath),ingredients,active ingredients,คุณสมบัติ(จากactive ingredients)
1,CERAVE,cleanser,CeraVe Hydrating Cleanser,dry,88 ml,220,"Aqua/​Water, Glycerin, Cetearyl Alcohol, Phenoxyethanol, Stearyl Alcohol, Cetyl Alcohol, PEG-40 Stearate, Behentrimonium Methosulfate, Glyceryl Stearate, Polysorbate 20, Ethylhexylglycerin, Potassium Phosphate, Disodium EDTA, Dipotassium Phosphate, Sodium Lauroyl Lactylate, Ceramide NP, Ceramide AP, Phytosphingosine, Cholesterol, Sodium Hyaluronate, Xanthan Gum, Carbomer, Tocopherol, Ceramide EOP","Ceramide NP, Ceramide AP, Tocopherol","ผิวแห้ง, ผิวแพ้ง่าย, After-acids/retinoids, ผิวแห้งหยาบ, ผิวลอกเป็นขุย, ต้านอนุมูลอิสระ, บำรุงผิว, เพิ่มความชุ่มชื้น"
2,CERAVE,cleanser,CeraVe Blemish Control Cleanser,oily,88 ml,290,"Aqua/​Water, Sodium Lauroyl Sarcosinate, Cocamidopropyl Hydroxysultaine, Glycerin, Niacinamide, Salicylic Acid, Gluconolactone, Sodium Methyl Cocoyl Taurate, PEG-150 Pentaerythrityl Tetrastearate, Ceramide NP, Ceramide AP, Ceramide EOP, Carbomer, Calcium Gluconate, Triethyl Citrate, Sodium Benzoate, Sodium Hydroxide, Sodium Lauroyl Lactylate, Cholesterol, Tetrasodium EDTA, Caprylyl Glycol, Hydrolyzed Hyaluronic Acid, Trisodium Ethylenediamine Disuccinate, Xanthan Gum, Hectorite, Phytosphingosine, Benzoic Acid","Niacinamide, Salicylic Acid, Gluconolactone, Hyaluronic Acid, Ceramide NP, Ceramide AP","ลดรอยดำ, รอยสิว, ควบคุมความมัน, เสริมเกราะป้องกันผิว, ผลัดเซลล์ผิว, ลดสิวอุดตัน, ลดการอักเสบของสิว, เพิ่มความชุ่มชื้น, กักเก็บน้ำในผิว, ผิวแห้ง, ผิวแพ้ง่าย, After-acids/retinoids, ผิวแห้งหยาบ, ผิวลอกเป็นขุย"
3,CERAVE,cleanser,CeraVe SA Smoothing Cleanser,normal,88 ml,290,"Aqua/​Water, Sodium Lauroyl Sarcosinate, Cocamidopropyl Hydroxysultaine, Glycerin, Niacinamide, Gluconolactone, Sodium Methyl Cocoyl Taurate, PEG-150 Pentaerythrityl Tetrastearate, Ceramide NP, Ceramide AP, Ceramide EOP, Carbomer, Calcium Gluconate, Salicylic Acid, Sodium Benzoate, Sodium Lauroyl Lactylate, Cholesterol, Phenoxyethanol, Disodium EDTA, Tetrasodium EDTA, Hydrolyzed Hyaluronic Acid, Phytosphingosine, Xanthan Gum, Ethylhexylglycerin","Niacinamide, Salicylic Acid, Gluconolactone, Hyaluronic Acid, Ceramide NP, Ceramide AP","ลดรอยดำ, รอยสิว, ควบคุมความมัน, เสริมเกราะป้องกันผิว, ผลัดเซลล์ผิว, ลดสิวอุดตัน, ลดการอักเสบของสิว, เพิ่มความชุ่มชื้น, กักเก็บน้ำในผิว, ผิวแห้ง, ผิวแพ้ง่าย, After-acids/retinoids, ผิวแห้งหยาบ, ผิวลอกเป็นขุย"
4,CERAVE,cleanser,CeraVe Foaming Cleanser,normal,88 ml,290,"Aqua/​Water, Cocamidopropyl Hydroxysultaine, Sodium Lauroyl Sarcosinate, Propanediol, PEG-150 Pentaerythrityl Tetrastearate, PEG-6 Caprylic/​Capric Glycerides, Glycerin, Ceramide NP, Ceramide AP, Ceramide EOP, Carbomer, Niacinamide, Sodium Methyl Cocoyl Taurate, Sodium Benzoate, Sodium Chloride, Sodium Lauroyl Lactylate, Sodium Hyaluronate, Cholesterol, Phenoxyethanol, Disodium EDTA, Citric Acid, Phytosphingosine, Xanthan Gum, Ethylhexylglycerin","Niacinamide, Ceramide NP, Ceramide AP","ลดรอยดำ, รอยสิว, ควบคุมความมัน, เสริมเกราะป้องกันผิว, ผิวแห้ง, ผิวแพ้ง่าย, After-acids/retinoids, ผิวแห้งหยาบ, ผิวลอกเป็นขุย"
5,CERAVE,cleanser,CeraVe Hydrating Cream-to-Foam Cleanser,normal,100 ml,330,"Aqua/​Water/​Eau, Glycerin, Sodium Methyl Cocoyl Taurate, Coco-Betaine, Sodium Cocoyl Isethionate, Sodium Chloride, Pca, PPG-5-Ceteth-20, PEG-100 Stearate, PEG-150 Pentaerythrityl Tetrastearate, PEG-6 Caprylic/​Capric Glycerides, PEG-30 Dipolyhydroxystearate, Ci 77891/​Titanium Dioxide, Aspartic Acid, Ceramide NP, Ceramide AP, Ceramide EOP, Sorbitan Isostearate, Carbomer, Glycol Distearate, Glyceryl Stearate, Glyceryl Oleate, Glycine, Trideceth-6, Cetearyl Alcohol, Behentrimonium Methosulfate, Threonine, Sodium Hydroxide, Salicylic Acid, Sodium PCA, Sodium Lactate, Arginine, Sodium Lauroyl Lactylate, Serine, Sodium Benzoate, Valine, Sodium Hyaluronate, Proline, Isoleucine, Cholesterol, Phenoxyethanol, Alanine, Phenylalanine, Coconut Acid, Coco-Glucoside, Chlorphenesin, Disodium EDTA, Hydroxyethyl Urea, Citric Acid, Hydroxyethyl Acrylate/​Sodium Acryloyldimethyl Taurate Copolymer, Caprylyl Glycol, Phytosphingosine, Xanthan Gum, Histidine, Acrylates/​C10-30 Alkyl Acrylate Crosspolymer, Polyquaternium-53, Polyquaternium-39, Polysorbate 60, Ethylhexylglycerin, Benzoic Acid","Salicylic Acid, Ceramide NP, Ceramide AP","ผลัดเซลล์ผิว, ลดสิวอุดตัน, ลดการอักเสบของสิว, ผิวแห้ง, ผิวแพ้ง่าย, After-acids/retinoids, ผิวแห้งหยาบ, ผิวลอกเป็นขุย"
6,CERAVE,cleansing,CeraVe Micellar Cleansing Water,normal,295 ml,630,"Aqua/​Water, Glycerin, Hexylene Glycol, Poloxamer 184, Disodium Cocoamphodiacetate, Disodium EDTA, Niacinamide, Polyaminopropyl Biguanide, Sodium Lauroyl Lactylate, BHT, Ceramide NP, Phenoxyethanol, Ceramide AP, Phytosphingosine, Cholesterol, Xanthan Gum, Carbomer, Ethylhexylglycerin, Ceramide EOP","Niacinamide, Ceramide NP, Ceramide AP","ลดรอยดำ, รอยสิว, ควบคุมความมัน, เสริมเกราะป้องกันผิว, ผิวแห้ง, ผิวแพ้ง่าย, After-acids/retinoids, ผิวแห้งหยาบ, ผิวลอกเป็นขุย"
7,CERAVE,moisturizer,CeraVe Facial Moisturising Lotion,"normal, dry",52ml,690,"Aqua/Water/Eau, Glycerin, Caprylic/Capric Triglyceride, Niacinamide, Cetearyl Alcohol, Potassium Phosphate, Ceramide Np, Ceramide Ap, Ceramide Eop,  Carbomer, Dimethicone, Ceteareth-20, Behentrimonium Methosulfate, Sodium Lauroyl Lactylate, Sodium Hyaluronate, Cholesterol, Phenoxyethanol, Disodium Edta, Dipotassium Phosphate, Caprylyl Glycol, Phytosphingosine, Xanthan Gum, Polyglyceryl-3 Diisostearate, Ethylhexylglycerin",Niacinamide,"ลดรอยดำ, รอยสิว, ควบคุมความมัน, เสริมเกราะป้องกันผิว"
8,CERAVE,moisturizer,CeraVe Oil Control Moisturising Gel Cream,"combination, oily",52ml,690,"Aqua/​Water/​Eau, Niacinamide, Glycerin, Cetearyl Isononanoate, C14-22 Alcohols, Isopropyl Myristate, Zea Mays Starch/​Corn Starch, Ceramide NP, Ceramide AP, Ceramide EOP, Carbomer, Cetearyl Alcohol, Behentrimonium Methosulfate, Triethyl Citrate, Silica, Sodium Hydroxide, Sodium Hyaluronate, Sodium Lauroyl Lactylate, Cholesterol, Phenoxyethanol, Citric Acid, Caprylyl Glycol, Trisodium Ethylenediamine Disuccinate, Xanthan Gum, Phytosphingosine, Polyacrylate Crosspolymer-6, Benzoic Acid, C12-20 Alkyl Glucoside","Niacinamide, Ceramide NP, Ceramide AP","ลดรอยดำ, รอยสิว, ควบคุมความมัน, เสริมเกราะป้องกันผิว, ผิวแห้ง, ผิวแพ้ง่าย, After-acids/retinoids, ผิวแห้งหยาบ, ผิวลอกเป็นขุย"
9,CERAVE,moisturizer,CeraVe Moisturising Lotion,dry,88ml ,290,"Aqua/​Water, Glycerin, Caprylic/​Capric Triglyceride, Cetearyl Alcohol, Cetyl Alcohol, Dimethicone, Phenoxyethanol, Polysorbate 20, Behentrimonium Methosulfate, Polyglyceryl-3 Diisostearate, Sodium Lauroyl Lactylate, Ethylhexylglycerin, Potassium Phosphate, Disodium EDTA, Dipotassium Phosphate, Ceramide NP, Ceramide AP, Phytosphingosine, Cholesterol, Xanthan Gum, Carbomer, Sodium Hyaluronate, Tocopherol, Ceramide EOP","Ceramide NP, Ceramide AP, Tocopherol","ผิวแห้ง, ผิวแพ้ง่าย, After-acids/retinoids, ผิวแห้งหยาบ, ผิวลอกเป็นขุย, ต้านอนุมูลอิสระ, บำรุงผิว, เพิ่มความชุ่มชื้น"
10,CERAVE,moisturizer,CeraVe Moisturising Cream,dry,50ml,225,"Aqua, Glycerin, Cetearyl Alcohol, Caprylic/​Capric Triglyceride, Cetyl Alcohol, Ceteareth-20, Petrolatum, Potassium Phosphate, Ceramide NP, Ceramide AP, Ceramide EOP, Carbomer, Dimethicone, Behentrimonium Methosulfate, Sodium Lauroyl Lactylate, Sodium Hyaluronate, Cholesterol, Phenoxyethanol, Disodium EDTA, Dipotassium Phosphate, Tocopherol, Phytosphingosine, Xanthan Gum, Ethylhexylglycerin","Ceramide NP, Ceramide AP, Tocopherol","ผิวแห้ง, ผิวแพ้ง่าย, After-acids/retinoids, ผิวแห้งหยาบ, ผิวลอกเป็นขุย, ต้านอนุมูลอิสระ, บำรุงผิว, เพิ่มความชุ่มชื้น"
11,CERAVE,serum,Cerave Resurfacing Retinol Serum,normal,30ml,799,"Aqua/​Water/​Eau, Niacinamide, Cetyl Alcohol, Caprylic/​Capric Triglyceride, Glycerin, Propanediol, Isononyl Isononanoate, Jojoba Esters, PEG-20 Methyl Glucose Sesquistearate, Cetearyl Alcohol, Dimethicone, Methyl Glucose Sesquistearate, Asparagopsis Armata Extract, Ceramide NP, Ceramide AP, Potassium Sorbate, Ceramide EOP, Sorbitol, Carbomer, Zinc Citrate, Behentrimonium Methosulfate, Triethanolamine, Aloe Barbadensis Leaf Extract, Sodium Lauroyl Lactylate, Sodium Hydroxide, Equisetum Arvense Extract, Sodium Hyaluronate, Cholesterol, Phenoxyethanol, Prunus Amygdalus Dulcis Oil /​ Sweet Almond Oil, Tocopherol, Ascophyllum Nodosum Extract, Laureth-4, Hydrogenated Vegetable Oil, Tetrasodium EDTA, Maltodextrin, Phytosphingosine, Xanthan Gum, Butylene Glycol, Ethylhexylglycerin, Chrysanthellum Indicum Extract","Niacinamide, Ceramide NP, Ceramide AP, Tocopherol","ลดรอยดำ, รอยสิว, ควบคุมความมัน, เสริมเกราะป้องกันผิว, ผิวแห้ง, ผิวแพ้ง่าย, After-acids/retinoids, ผิวแห้งหยาบ, ผิวลอกเป็นขุย, ต้านอนุมูลอิสระ, บำรุงผิว, เพิ่มความชุ่มชื้น"
12,CERAVE,serum,CeraVe Skin Renewing Viitamin C Serum,normal,30ml,999,"Aqua/​Water/​Eau, Ascorbic Acid 10.0%, Glycerin, Dimethicone, Cetearyl Ethylhexanoate, Alcohol Denat, Sodium Hydroxide, Ammonium Polyacryloyldimethyl Taurate, Panthenol, Ceramide NP, Ceramide AP, Ceramide EOP, Carbomer, Cetearyl Alcohol, Behentrimonium Methosulfate, Sodium Hyaluronate, Sodium Lauroyl Lactylate, Cholesterol, Phenoxyethanol, Tocopheryl Acetate, Disodium EDTA, Isopropyl Myristate, Caprylyl Glycol, Xanthan Gum, Phytosphingosine, Ethylhexylglycerin","Ceramide NP, Ceramide AP, Panthenol","ผิวแห้ง, ผิวแพ้ง่าย, After-acids/retinoids, ผิวแห้งหยาบ, ผิวลอกเป็นขุย, เพิ่มความชุ่มชื้น, ฟื้นฟูผิว, ลดการระคายเคือง"
13,BIODERMA,cleansing,Bioderma Sensibio H2O,normal,500ml,1050,"Aqua/​Water/​Eau, Peg-6 Caprylic/​Capric Glycerides, Fructooligosaccharides, Mannitol, Xylitol, Rhamnose, Cucumis Sativus (Cucumber) Fruit Extract, Propylene Glycol, Cetrimonium Bromide, Disodium Edta",,
14,BIODERMA,moisturizer,Bioderma Sebium Pore Refiner,oily,30ml,940,"Aqua/​Water/​Eau, Methyl Methacrylate Crosspolymer, Dipropylene Glycol, Cyclopentasiloxane, Cyclohexasiloxane, Dimethicone, Glycerin, Butylene Glycol, Fomes Officinalis (Mushroom) Extract, Sodium Polyacrylate, Salicylic Acid, Dodecyl Gallate, Ginkgo Biloba Leaf Extract, Mannitol, Xylitol, Rhamnose, Fructooligosaccharides, Laminaria Ochroleuca Extract, Silica, Trideceth-6, C30-45 Alkyl Cetearyl Dimethicone Crosspolymer, Lauryl Peg/​Ppg- 18/​18 Methicone, Caprylic/​Capric Triglyceride, Mineral Oil (Paraffinum Liquidum), Pentylene Glycol, 1,2-Hexanediol, Peg/​Ppg-18/​18 Dimethicone, Caprylyl Glycol, Propylene Glycol, Sodium Hydroxide, Citric Acid, Disodium Edta, Fragrance (Parfum)",Salicylic Acid,"ผลัดเซลล์ผิว, ลดสิวอุดตัน, ลดการอักเสบของสิว"
15,BIODERMA,serum,Bioderma Sebium Serum,normal,30ml,1480,"Aqua/​Water/​Eau, Butylene Glycol, Glycerin, Propanediol, Acetyl Glucosamine, Pentylene Glycol, Salicylic Acid, Xanthan Gum, Polysorbate 20, Sodium Citrate, Mannitol, Sodium Hydroxide, Propyl Gallate, Hydrolyzed Hyaluronic Acid, Sodium Metabisulfite, Aminoethanesulfinic Acid, Fragrance (Parfum)","Salicylic Acid, Hyaluronic Acid","ผลัดเซลล์ผิว, ลดสิวอุดตัน, ลดการอักเสบของสิว, เพิ่มความชุ่มชื้น, กักเก็บน้ำในผิว"
16,BIODERMA,sunscreen,Bioderma Photoderm XDefense SPF50+ PA++++,normal,40ml,1190,"Aqua/​Water/​Eau, C12-15 Alkyl Benzoate, Silica, Glycerin, Bis-Ethylhexyloxyphenol Methoxyphenyl Triazine, Butyl Methoxydibenzoylmethane, Ethylhexyl Methoxycrylene, Diethylamino Hydroxybenzoyl Hexyl Benzoate, Diisopropyl Sebacate, Lauroyl Lysine, Propanediol, Dicaprylyl Carbonate, 1,2-Hexanediol, Polysorbate 60, Cetyl Phosphate, Arginine, Bentonite, Hydroxyacetophenone, Fragrance (Parfum), Citric Acid, Ectoin, Mannitol, Methoxyphenylimino Dimethylcyclohexenyl Ethyl Glycinate, Sodium Phytate, Xanthan Gum, Xylitol, Rhamnose, O-Cymen-5-Ol, Biosaccharide Gum-4, Trimethoxybenzyl Acetylsinapate, Sodium Hyaluronate,",,
17,BIORE,cleansing,Biore Cleansing milk,normal,180ml,249,"Water, Myristic Acid, Glycerin, Decyl Glucoside, PPG-7 Butes-4, Lauric Acid, K Hydroxide, Glycol Distearate, Lauramidopropyl Betaine, Na Hyaluronate, Polyquaternium-7, Ethanol, Ethylic Acid, BHT, Fragrance",,
18,BIORE,sunscreen,Biore UV Aqua Rich Watery Essence SPF50+ PA++++,normal,85g,650,"Aqua (Water), Alcohol, Ethylhexyl Methoxycinnamate, Ethylhexyl Triazone, Isopropyl Palmitate, Methyl Methacrylate Crosspolymer, Diethylamino Hydroxybenzoyl Hexyl Benzoate, Hydrogenated Polyisobutene, Bis-Ethylhexyloxyphenol Methoxyphenyl Triazine, Dextrin Palmitate, Butylene Glycol, Xylitol, Acrylates/​C 10-30 Alkyl, Acrylates Crosspolymer, Dimethicone, C12-15 Alkyl Benzoate, Glycerin, Glyceryl Stearate, Propanediol, Glyceryl Behenate, Vinyl Dimethicone/​Methicone Silsesquioxane Crosspolymer, Cetyl Alcohol, Agar, Sorbitan Isostearate, Isoceteth-20, Polyvinyl Alcohol, Dimethicone/​Vinyl Dimethicone Crosspolymer, Stearoyl Glutamic Acid, Arginine, Potassium Hydroxide, Sodium Hydroxide, Royal Jelly Extract, Sodium Hyaluronate, Phenoxyethanol, Disodium EDTA, BHT, Fragrance",,
19,CLEARNOSE,moisturizer,Clear Nose Skin Barrier Moisturizing Gel,normal,120ml,999,"Aqua, Propanediol, Glycerin, Caprylic/​Capric Triglyceride, Cetearyl Olivate, Niacinamide, Caprylyl Glycol, Ceramide NP, Ceramide AP, Phytosphingosine, Panthenol, Ceramide EOP, Squalane, Cholesterol, C13-14 Isoparaffin, Cetyl Palmitate, Propylene Glycol, Hydrolyzed Sodium Hyaluronate, Hydrolyzed Hyaluronic Acid, Sodium Hyaluronate, Sodium Acetylated Hyaluronate, Melaleuca Alternifolia Leaf Extract, Hamamelis Virginiana Leaf Extract, Hyaluronic Acid, Potassium Hydroxide, 1,2-Hexanediol, Lactic Acid, Vitis Vinifera Seed Oil, Ethylhexylglycerin, Tocopheryl Acetate, Polyacrylamide, Laureth-7, Ceteareth-12, Sorbitan Olivate, Butylene Glycol, Glucose, Disodium EDTA, Cetearyl Alcohol, Hydroxypropyltrimonium Hyaluronate, Potassium Cetyl Phosphate, Sodium Lauroyl Lactylate, Acrylates/​C10-30 Alkyl Acrylate Crosspolymer, Myristyl Myristate, Xanthan Gum, Glyceryl Stearate, Ceteareth-20, Carbomer, Phenoxyethanol, Chlorphenesin, Sodium Benzoate, Potassium Sorbate, Sodium Hyaluronate Crosspolymer, Potassium Hyaluronate, Chondrus Crispus Extract, Sophora Japonica Flower Extract","Niacinamide, Hyaluronic Acid, Ceramide NP, Ceramide AP, Lactic Acid, Panthenol","ลดรอยดำ, รอยสิว, ควบคุมความมัน, เสริมเกราะป้องกันผิว, เพิ่มความชุ่มชื้น, กักเก็บน้ำในผิว, ผิวแห้ง, ผิวแพ้ง่าย, After-acids/retinoids, ผิวแห้งหยาบ, ผิวลอกเป็นขุย, ผลัดเซลล์ผิวแบบอ่อนโยน, เพิ่มความชุ่มชื้น, เพิ่มความชุ่มชื้น, ฟื้นฟูผิว, ลดการระคายเคือง"
20,CLEARNOSE,serum,Clear Nose Dark Spot Bright Serum,normal,100ml,1090,"Water, Glycerin, Dimethicone, Butylene Glycol, Dipropylene Glycol, Phenoxyethanol, Saccharide Isomerate, Niacinamide, Carbomer, Chlorphenesin, Disodium EDTA, Panthenol, PPG-6-Decyltetradeceth-30, Potassium Hydroxide, Xanthan Gum, PEG-14M, Sodium Hyaluronate, Fragrance, 3-0-Ethyl Ascorbic Acid, Aloe Barbadensis Leaf Juice, Maltodextrin, Citric Acid, Sodium Citrate, Prunus Yedoensis Leaf Extract, Hydrolyzed Collagen, 1,2-Hexanediol, Cystoseira TamariscIfolia Extract, Potassium Sorbate, Sodium Benzoate, Caprylyl Glycol, Pancratium Maritimum Extract, Algae Extract, Chondrus Crispus Extract, Citrus Junos Fruit Extract, Cynara Scolymus (Artichoke Leaf Extract, Glucose, Hibiscus Esculentus Fruit Extract, Houttuynia Cordata Extract, Hyaluronic Acid, Hydrolyzed Hyaluronic Acid, Hydrolyzed Sodium Hyaluronate, Hydroxypropyltrimonium Hyaluronate, Oenothera Biennis (Evening Primrose) Seed Extract, Phellodendron Amurense Bark Extract, Potassium Hyaluronate, Prunus Persica, Peach Leaf Extract, Rehmannia Chinensis Root Extract, Sodium Acetylated Hyaluronate, Sodium Hyaluronate Crosspolymer","Niacinamide, Hyaluronic Acid, Panthenol","ลดรอยดำ, รอยสิว, ควบคุมความมัน, เสริมเกราะป้องกันผิว, เพิ่มความชุ่มชื้น, กักเก็บน้ำในผิว, เพิ่มความชุ่มชื้น, ฟื้นฟูผิว, ลดการระคายเคือง"
21,CLEARNOSE,sunscreen,Clear Nose UV Sun Serum SPF50+ PA++++,normal,80ml,990,"Aqua (Water), Cyclopentasiloxane, Ethylhexyl Salicylate, Octocrylene, Butyl Methoxydibenzoylmethane, Propylene Glycol, Cetyl Alcohol, C12-15 Alkyl Benzoate, Silica, Titanium Dioxide, Zinc Oxide, Dicaprylyl Carbonate, VP/​Hexadecene Copolymer, Glyceryl Stearate, PEG-100 Stearate, Phenoxyethanol, Ethylhexyl Triazone, Polyacrylamide, Chlorphenesin, Niacinamide, C13-14 Isoparaffin, Cetearyl Olivate, Cetearyl Alcohol, Sorbitan Olivate, Acacia Senegal Gum, Potassium Cetyl Phosphate, Tocopheryl Acetate, Disodium EDTA, Xanthan Gum, Coco-Glucoside, Ethylhexylglycerin, Laureth-7, Glycerin, Butylene Glycol, Allantoin, Bisabolol, Aloe Barbadensis Leaf Juice, Salix Nigra (Willow) Bark Extract, Hamamelis Virginiana (Witch Hazel) Leaf Extract, Camellia Sinensis Leaf Extract, Betaine, Palmaria Palmata Extract, Tocopherol, Centella Asiatica Extract, Methicone, 1,2-Hexanediol, Terminalia Ferdinandiana Fruit Extract, Vitis Vinifera (Grape) Seed Extract, Sodium Benzoate, Potassium Sorbate, Calendula Officinalis Flower Extract, Polyglutamic Acid, Melaleuca Alternifolia (Tea Tree) Leaf Extract, Saccharide Isomerate, Geranium Robertianum Extract, Scutellaria Baicalensis Root Extract, Houttuynia Cordata Extract, Citrus Reticulata (Tangerine) Peel Extract, Centaurea Cyanus Flower Extract, Aspalathus Linearis Extract","Niacinamide, Centella Asiatica, Allantoin, Tocopherol","ลดรอยดำ, รอยสิว, ควบคุมความมัน, เสริมเกราะป้องกันผิว, ลดการอักเสบ, ลดรอยแดง, ฟื้นฟูผิว, ลดการระคายเคือง, ปลอบประโลมผิว, ต้านอนุมูลอิสระ, บำรุงผิว, เพิ่มความชุ่มชื้น"
22,CLEARNOSE,cleanser,Clear Nose Acne Care Solution Cleanser,normal,150ml,259,"Aqua (Water), Sodium Laureth Sulfate, Decyl Glucoside, Cocamide DEA, Cocamidopropyl Betaine, Butylene Glycol, Glycol Distearate, PEG-250 Distearate, Sodium Chloride, Phenoxyethanol, Sodium Benzoate, Caprylyl Glycol, Citric Acid, Farnesol, Disodium EDTA, Glycerin, Niacinamide, PEG-60 Almond Glycerides, Salicylic Acid, Sodium Ascorbyl Phosphate, Lactic Acid, Hamamelis Virginiana (Witch Hazel) Leaf Extract, Propylene Glycol, Propanediol, Moringa Pterygosperma Seed Extract, Disodium Phosphate, Carbomer, Acetyl Cysteine, Vaccinium Vitis-Idaea Fruit Extract, Nordihydroguaiaretic Acid, Potassium Sorbate, Oleanolic Acid, Sodium Metabisulfite, Sodium Sulfite, Citrus Unshiu Peel Extract, Hippophae Rhamnoides Fruit Extract, Litchi Chinensis Seed Extract, Mangifera Indica (Mango) Leaf Extract","Niacinamide, Salicylic Acid, Lactic Acid","ลดรอยดำ, รอยสิว, ควบคุมความมัน, เสริมเกราะป้องกันผิว, ผลัดเซลล์ผิว, ลดสิวอุดตัน, ลดการอักเสบของสิว, ผลัดเซลล์ผิวแบบอ่อนโยน, เพิ่มความชุ่มชื้น"
23,CLEARNOSE,essence,Clear Nose Acne Care Solution Essence,normal,150ml,690,"Water, Alcohol, Butylene Glycol, Glycerin, Ceteth -20, Tocopheryl Acetate, Glycine Soja Seed Extract, Scutellaria Baicalensis Root Extract, Aloe Barbadensis Leaf Extract, Betaine, Citric Acid, Methylparaben, O-Cymen-5-Ol, Hydroxyethylcellulose, Sodium Citrate, Salicylic Acid, Polysorbate 60, Sulfur",Salicylic Acid,"ผลัดเซลล์ผิว, ลดสิวอุดตัน, ลดการอักเสบของสิว"
24,SRICHAND,sunscreen,Srichand Sunlution rosia ultra protection serum sunscreen SPF50+ PA++++,normal,40ml,359,,,
25,NU FORMULA,sunscreen,Nu Formula Sun Real SPF50+ PA++++ Dry Touch Milk,"combination, oily",40g,750,"Cyclopentasiloxane, Aqua, Zinc Oxide, Alcohol Denat, Ethylhexyl Methoxycinnamate, Dimethicone, Isododecane, Polymethyl Methacrylate, Silica, Bis-Ethylhexyloxyphenol Methoxyphenyl Triazine, Ethylhexyl Salicylate, PEG-10 Dimethicone, Talc, Butylene Glycol, C12-15 Alkyl Benzoate, Ethylhexyl Triazone, Polymethylsilsesquioxane, Hydrolyzed Jojoba Esters, Cetyl PEG/​PPG-10/​1 Dimethicone, Phenoxyethanol, Sodium Chloride, Dimethicone/​Vinyltrimethylsiloxysilicate Crosspolymer, Methicone, Glycerin, Dextrin Palmitate, Polysilicone-11, Chlorphenesin, Tocopheryl Acetate, Dipotassium Glycyrrhizate, Disodium EDTA, Polysorbate 40, Hydrogen Dimethicone, Palmitic Acid, Niacinamide, Zinc Pca, Sodium Hyaluronate, Terminalia Ferdinandiana Fruit Extract, Melanin, 1,2-Hexanediol, Pentylene Glycol, Biosaccharide Gum-4, Ethylhexylglycerin",Niacinamide,"ลดรอยดำ, รอยสิว, ควบคุมความมัน, เสริมเกราะป้องกันผิว"
26,SKIN1004,sunscreen,SKIN1004 Madagascar Centella Hyalu-Cica Water-Fit Sun Serum SPF50+ PA++++,"normal, dry",50ml,890,"Water, Dibutyl Adipate, Propanediol, Diethylamino Hydroxybenzoyl Hexyl Benzoate, Polymethylsilsesquioxane, Ethylhexyl Triazone, Methylene Bis-Benzotriazolyl Tetramethylbutylphenol, Niacinamide, Coco-Caprylate/​Caprate, Caprylyl Methicone, Diethylhexyl Butamido Triazone, Glycerin, 1,2-Hexanediol, Butylene Glycol, Centella Asiatica Extract(9,800Ppm), Betula Platyphylla Japonica Bark Extract, Ginkgo Biloba Leaf Extract, Camellia Sinensis Leaf Extract, Triticum Vulgare (Wheat) Sprout Extract, Medicago Sativa (Alfalfa) Extract, Brassica Oleracea Italica (Broccoli) Sprout Extract, Eruca Sativa Leaf Extract, Camellia Japonica Leaf Extract, Sodium Hyaluronate(10Ppm), Behenyl Alcohol, Poly C10-30 Alkyl Acrylate, Polyglyceryl-3 Methylglucose Distearate, Decyl Glucoside, Tromethamine, Carbomer, Acrylates /​C10-30 Alkyl Acrylate Crosspolymer, Sodium Stearoyl Glutamate, Polyacrylate Crosspolymer-6, Adenosine, Xanthan Gum, T-Butyl Alcohol, Tocopherol, Hydrolyzed Hyaluronic Acid(Ppm), Inositol, Hyaluronic Acid(0.01Ppm), Pentylene Glycol, Ethylhexylglycerin","Niacinamide, Hyaluronic Acid, Centella Asiatica, Tocopherol","ลดรอยดำ, รอยสิว, ควบคุมความมัน, เสริมเกราะป้องกันผิว, เพิ่มความชุ่มชื้น, กักเก็บน้ำในผิว, ลดการอักเสบ, ลดรอยแดง, ฟื้นฟูผิว, ต้านอนุมูลอิสระ, บำรุงผิว, เพิ่มความชุ่มชื้น"
27,BYBO,sunscreen,BYBO Hybrid Ultra Protect Sunscreen SPF50+ PA++++,normal,50ml,790,"Water, Propanediol, Dibutyl Adipate, Polymethylsilsesquioxane, Diethylamino Hydroxybenzoyl Hexyl Benzoate, Ethylhexyl Triazone, Methylene Bis-Benzotriazolyl Tetramethylbutylphenol, Caprylyl Methicone, Diethylhexyl Butamido Triazone, Pentylene Glycol, 1,2-Hexanediol, Coco-Caprylate/​Caprate, Polyglyceryl -3 Methylglucose Distearate, Behenyl Alcohol, Hydroxyethyl Urea, Decyl Glucoside, Tromethamine, Acrylates/​C10-30 Alkyl Acrylate Crosspolymer, Poly C10-30 Alkyl Acrylate, Sodium Acrylates Crosspolymer-2, Fragrance (Parfum), Carbomer, Sodium Stearoyl Glutamate, Glycerin, Ethylhexylglycerin, Polyacrylate Crosspolymer-6, Hydroxypropyl Methylcellulose, Xanthan Gum, Butylene Glycol, Acetyl Glucosamine, Sodium Hyaluronate, Hydroxyacetophenone, Cynanchum Atratum Extract, Tocopherol, Lycium Chinense Fruit Extract, Sodium Hyaluronate Crosspolymer, Althaea Rosea Flower Extract, Caprylyl Glycol, Rosmarinus Officinalis (Rosemary) Leaf Extract, Vaccinium Macrocarpon (Cranberry) Fruit Extract ↑",Tocopherol,"ต้านอนุมูลอิสระ, บำรุงผิว, เพิ่มความชุ่มชื้น"
28,THE ORIGINOTE,sunscreen,The Originote Ceramella Sunscreen SPF50 PA+++,normal,50g,250,"Water, Ethylhexyl Methoxycinnamate, Octocrylene, Ethylhexyl Salicylate, Isododecane, Silica, Glycerin, Propylene Glycol, Pentylene Glycol, Bis-Ethylhexyloxyphenol Methoxyphenyl Triazine, Cetyl Alcohol, Phenoxyethanol, Polymethylsilsesquioxane, Niacinamide, Polysorbate 80, Panthenol, Tremella Fuciformis Polysaccharide, Ethylhexylglycerin, Disodium EDTA, Zinc Oxide, Sodium Hyaluronate, Butylene Glycol, 3-O-Ethyl Ascorbic Acid, Caprylic/​Capric Triglyceride, Avena Sativa Extract, Artemisia Argyi Leaf Extract, Hydrogenated Lecithin, Behenyl Alcohol, Octyldodecanol, Hydroxyacetophenone, Ceramide NP, Ceramide AP, Ceramide NS, Hyaluronic Acid, Retinol","Niacinamide, Hyaluronic Acid, Ceramide NP, Ceramide AP, Retinol, Panthenol","ลดรอยดำ, รอยสิว, ควบคุมความมัน, เสริมเกราะป้องกันผิว, เพิ่มความชุ่มชื้น, กักเก็บน้ำในผิว, ผิวแห้ง, ผิวแพ้ง่าย, After-acids/retinoids, ผิวแห้งหยาบ, ผิวลอกเป็นขุย, ลดริ้วรอย, กระตุ้นการสร้างคอลลาเจน, ลดสิว, เพิ่มความชุ่มชื้น, ฟื้นฟูผิว, ลดการระคายเคือง"
29,COSRX,sunscreen,COSRX Ultra-Light Invisible Sunscreen SPF50 PA++++,normal,50ml,550,"Diethylhexyl Succinate, Propanediol, Aqua/​Water, Drometrizole Trisiloxane, Ethylhexyl Triazone, Niacinamide, Diethylamino Hydroxybenzoyl Hexyl Benzoate, Terephthalylidene Dicamphor Sulfonic Acid, 1,2-Hexanediol, Behenyl Alcohol, Methyl Trimethicone, Sodium Polyacryloyldimethyl Taurate, Hamamelis Virginiana (Witch Hazel) Leaf Water, Tromethamine, Polyacrylate Crosspolymer-6, Arachidyl Alcohol, Caprylyl Glycol, Ethylhexylglycerin, Arachidyl Glucoside, Sodium Metaphosphate, Adenosine, Tocopherol, Sodium Hyaluronate, Allantoin, Citric Acid, Sodium Benzoate, Potassium Sorbate","Niacinamide, Allantoin, Tocopherol","ลดรอยดำ, รอยสิว, ควบคุมความมัน, เสริมเกราะป้องกันผิว, ลดการระคายเคือง, ปลอบประโลมผิว, ต้านอนุมูลอิสระ, บำรุงผิว, เพิ่มความชุ่มชื้น"
30,DR.PONG,sunscreen,Dr.Pong Hyaluronic Ultra Light Sunscreen with Aquatide SPF50 PA+++,normal,25ml,800,"Aqua, Butylene Glycol, Ethylhexyl Methoxycinnamate, Butyl Methoxydibenzoylmethane, Octocrylene, Phospholipids, Ammonium Acryloyldimethyltaurate/​VP Copolymer, Onsen-Sui, 1,2-Hexanediol, Ethylhexylglycerin, Allantoin, Sodium Hyaluronate, Bis-PEG/​PPG-20/​5 PEG/​PPG-20/​5 Dimethicone, Methoxy PEG/​PPG-25/​4 Dimethicone, Caprylic/​Capric Triglyceride, Aloe Barbadensis Leaf Juice Powder, Maltodextrin, Hexacarboxymethyl Dipeptide-12, Glycerin, Leontopodium Alpinum Callus Culture Extract, Xanthan Gum, Biosaccharide Gum-2, Propanediol, Camellia Japonica Flower Extract, Prunus Yedoensis Flower Extract, Phenoxyethanol, Chlorphenesin, Disodium EDTA",Allantoin,"ลดการระคายเคือง, ปลอบประโลมผิว"
31,SRICHAND,sunscreen,Srichand Sunlution Acne Care sunscreen SPF50+ PA++++,normal,40ml,299,"Aqua (Water), Butyl Methoxydibenzoylmethane, Ethylhexyl Salicylate, Ethylhexyl Triazone, Dibutyl Adipate, Butylene Glycol, Neopentyl Glycol Diheptanoate, Silica, Diethylamino Hydroxybenzoyl Hexyl Benzoate, Cetearyl Alcohol, Phenoxyethanol, Glyceryl Stearate, PEG-100 Stearate, Potassium Cetyl Phosphate, Bis-Ethylhexyloxyphenol Methoxyphenyl Triazine, Dimethicone, Chlorphenesin, Titanium Dioxide, Acrylates/​C10-30 Alkyl Acrylate Crosspolymer, Niacinamide, Cetearyl Glucoside, VP/​Hexadecene Copolymer, Potassium Hydroxide, 3-O-Ethyl Ascorbic Acid, Ci 77163 (Bismuth Oxychloride), Tocopheryl Acetate, Disodium EDTA, Carbomer, Ethylhexylglycerin, Propanediol, Caprylic/​Capric Triglyceride, Buddleja Officinalis Flower Extract, Cetyl Palmitate, Polysorbate 80, Sorbitan Stearate, Sodium Benzoate, Citric Acid, Hydrogenated Lecithin, Tocopherol, Palmitoyl Tetrapeptide-10""","Niacinamide, Tocopherol","ลดรอยดำ, รอยสิว, ควบคุมความมัน, เสริมเกราะป้องกันผิว, ต้านอนุมูลอิสระ, บำรุงผิว, เพิ่มความชุ่มชื้น"
32,BEAUTY OF JOSEON,sunscreen,Beauty Of Joseon Relief Sun Aqua-Fresh Rice+B5 SPF50+ PA++++,"normal, oily",50ml,950,"Water, Oryza Sativa (Rice) Seed Water, Dibutyl Adipate, Butyloctyl Salicylate, Ethylhexyl Triazone, Drometrizole Trisiloxane, Polyglyceryl-3 Distearate, Terephthalylidene Dicamphor Sulfonic Acid, Diethylamino Hydroxybenzoyl Hexyl Benzoate, Polymethylsilsesquioxane, Tromethamine, 1,2-Hexanediol, Panthenol, Pentylene Glycol, Glyceryl Stearate, Silica, Caprylyl Methicone, Bis-Ethylhexyloxyphenol Methoxyphenyl Triazine, Propanediol, Potassium Cetyl Phosphate, Poly C10-30 Alkyl Acrylate, Methylpropanediol, Carbomer, Acrylates/​C10-30 Alkyl Acrylate Crosspolymer, Ethylhexylglycerin, Xanthan Gum, Glycerin, Polyether-1, Avena Sativa (Oat) Kernel Extract, Cynara Scolymus (Artichoke) Leaf Extract, Polyquaternium-51, Camellia Sinensis Leaf Water, Hydrogenated Lecithin, Beta-Glucan, Biosaccharide Gum-1, Inositol, Tocopherol, Ferulic Acid, Oryza Sativa (Rice) Bran Oil, Citric Acid, Ceramide NP, Phytosphingosine, Sodium Hyaluronate, Rice Amino Acids, Rice SH-Oligopeptide-1","Ceramide NP, Panthenol, Tocopherol","ผิวแห้ง, ผิวแพ้ง่าย, After-acids/retinoids, เพิ่มความชุ่มชื้น, ฟื้นฟูผิว, ลดการระคายเคือง, ต้านอนุมูลอิสระ, บำรุงผิว, เพิ่มความชุ่มชื้น"
33,GRAVICH,sunscreen,Gravich Invis Suncap Ultra Light Sunscreen SPF50+ PA++++,normal,40g,1690,"Deionized Water, Dimethicone, Ethylhexyl Methoxycinnamate, Butyl Methoxydibenzoylmethane, Butylene Glycol, Octocrylene, Zinc Oxide (Nano), Titanium Dioxide, Caprylyl 2-Glyceryl Ascorbate, Ascorbyl Glucoside, 3-O-Ethyl Ascorbic Acid, Carnosine, Trimethylsiloxysilicate, Tocopheryl Acetate, Biosaccharide Gum-4, Triethoxycaprylylsilane, Sorbitan Isostearate, Phenoxyethanol, Hydroxyethyl Acrylate/​Sodium Acryloyldimethyl Taurate Copolymer, Acrylates/​C10-30 Alkyl Acrylate Crosspolymer, Vinyl Dimethicone/​Methicone Silsesquioxane Crosspolymer, Triethanolamine, Cetearyl Dimethicone Crosspolymer, Lecithin, Chlorphenesin, Disodium EDTA, Polysorbate 60, Glycerin, 1,2-Hexanediol, Aluminum Hydroxide, Stearic Acid",,
34,CATHY DOLL,sunscreen,Cathy Doll Ultra Light Sun Fluid SPF50+ PA++++,normal,40ml,450,"Water, Homosalate, Ethylhexyl Salicylate, Alcohol Denat, Methyl Methacrylate Crosspolymer, Dipropylene Glycol, Butyl Methoxydibenzoylmethane, Bis-Ethylhexyloxyphenol Methoxyphenyl Triazine, Aloe Barbadensis Leaf Extract, Isoamyl p-Methoxycinnamate, Octocrylene, Methoxy PEG/​PPG-25/​4 Dimethicone, Butylene Glycol, Caprylic/​Capric Triglyceride, Dimethicone, Caprylyl Glycol, Fragrance, Acrylates/​C10-30 Alkyl Acrylate Crosspolymer, Sodium Acrylate/​Acryloyldimethyl Taurate Copolymer, Ethylhexylglycerin, Isohexadecane, Sodium Hydroxide, Hexanediol, Disodium EDTA, Sorbitan Sesquioleate",,
35,SRICHAND,sunscreen,Srichand Sunlution Skin Whitening Sunscreen,normal,40ml,299,"Aqua (Water), Butyl Methoxydibenzoylmethane, Ethylhexyl Salicylate, Ethylhexyl Triazone, Dibutyl Adipate, Butylene Glycol, Neopentyl Glycol Diheptanoate, Silica, Diethylamino Hydroxybenzoyl Hexyl Benzoate, Cetearyl Alcohol, Phenoxyethanol, Glyceryl Stearate, PEG-100 Stearate, Potassium Cetyl Phosphate, Bis-Ethylhexyloxyphenol Methoxyphenyl Triazine, Dimethicone, Chlorphenesin, Titanium Dioxide, Acrylates/​C10-30 Alkyl Acrylate Crosspolymer, Niacinamide, Cetearyl Glucoside, VP/​Hexadecene Copolymer, Potassium Hydroxide, 3-O-Ethyl Ascorbic Acid, Ci 77163 (Bismuth Oxychloride), Tocopheryl Acetate, Disodium EDTA, Carbomer, Ethylhexylglycerin, Propanediol, Caprylic/​Capric Triglyceride, Buddleja Officinalis Flower Extract, Cetyl Palmitate, Polysorbate 80, Sorbitan Stearate, Sodium Benzoate, Citric Acid, Hydrogenated Lecithin, Tocopherol, Palmitoyl Tetrapeptide-10","Niacinamide, Tocopherol","ลดรอยดำ, รอยสิว, ควบคุมความมัน, เสริมเกราะป้องกันผิว, ต้านอนุมูลอิสระ, บำรุงผิว, เพิ่มความชุ่มชื้น"
36,CETAPHIL,cleanser,Cethaphil Gentle Skin Cleanser,"normal, dry",500ml,690,"Water, Glycerin, Cetearyl Alcohol, Panthenol, Niacinamide, Pantolactone, Xanthan Gum, Sodium Cocoyl Isethionate, Sodium Benzoate, Citric Acid","Niacinamide, Panthenol","ลดรอยดำ, รอยสิว, ควบคุมความมัน, เสริมเกราะป้องกันผิว, เพิ่มความชุ่มชื้น, ฟื้นฟูผิว, ลดการระคายเคือง"
37,DR.PONG,cleanser,Dr.Pong P55 BHA Acne Clear Face Wash,normal,100ml,600,"Aqua, Ammonium Lauryl Sulfate, Cocamidopropyl Betaine, Acrylates Copolymer, PEG-7 Glyceryl Cocoate, Hydrolyzed Jojoba Esters, Salicylic Acid, Amylopectin, Dextrin, Xanthan Gum, Coco-Betaine, Sodium Methyl Cocoyl Taurate, Sodium Cocoyl Isethionate, Cocoyl Methyl Glucamide, Coco-Glucoside, Glyceryl Oleate, Glycerin, Citrus Aurantium Amara Fruit Extract, Sodium Hydroxide, Panthenol, Aloe Barbadensis Leaf Powder, Sodium Hyaluronate, Allantoin, Simmondsia Chinensis (Jojoba) Seed Oil, Sodium Chloride, Phenoxyethanol, Glyceryl Laurate, EDTA","Salicylic Acid, Allantoin, Panthenol","ผลัดเซลล์ผิว, ลดสิวอุดตัน, ลดการอักเสบของสิว, ลดการระคายเคือง, ปลอบประโลมผิว, เพิ่มความชุ่มชื้น, ฟื้นฟูผิว, ลดการระคายเคือง"
38,ISNTREE,cleanser,Isntree Green Tea Fresh Cleanser,"combination, oily",120ml,738,"Water, Glycerin, Sodium Cocoyl Alaninate, Disodium Cocoamphodiacetate, Butylene Glycol, Sodium Methyl Cocoyl Taurate, 1,2-Hexanediol, Lauryl Hydroxysultaine, Xanthan Gum, Sodium Chloride, Caprylyl Glycol, Acrylates/​C10-30 Alkyl Acrylate Crosspolymer, Camellia Sinensis Leaf Powder, Camellia Sinensis Leaf, Camellia Sinensis Leaf Extract, Sodium Phytate, Malt Extract, Hexylene Glycol, Oenothera Biennis (Evening Primrose) Flower Extract, Pinus Palustris Leaf Extract, Pueraria Thunbergiana Root Extract, Ulmus Davidiana Root Extract, Ethylhexylglycerin, Hydrolyzed Glycosaminoglycans, Propanediol, Sodium Hyaluronate Crosspolymer, Sodium Hyaluronate, Benzyl Glycol, Hydrolyzed Hyaluronic Acid, Hyaluronic Acid",Hyaluronic Acid,"เพิ่มความชุ่มชื้น, กักเก็บน้ำในผิว"
39,NEUTROGENA,cleanser,Neutrogena Deep Clean Acne Foaming Cleansing,normal,40g,87,"Water, Glycerin, Sodium Cocoyl Glycinate, Sodium Cocoyl Isethionate, Cocamidopropyl Betaine, Myristic Acid, Glycol Distearate, Acrylates Copolymer, Lauric Acid, PEG-120 Methyl Glucose Dioleate, Phenoxyethanol, Salicylic Acid, Caprylyl Glycol, Chlorphenesin, Sodium Hydroxide, Fragrance, Hydroxyethylcellulose, O-Cymen-5-Ol, Disodium EDTA",Salicylic Acid,"ผลัดเซลล์ผิว, ลดสิวอุดตัน, ลดการอักเสบของสิว"
40,COSRX,cleanser,COSRX Low pH Good Moring Gel Cleanser,normal,150ml,360,"Betula Platyphylla Japonica Juice, Butylene Glycol, Glycerin, Dimethicone, Betaine, Cetearyl Alcohol, 1,2-Hexanediol, Cetearyl Olivate, Sorbitan Olivate, Hydroxyethyl Acrylate, Sodium Acryloyldimethyl Taurate Copolymer, Sodium Lactate, Sodium Lactate, Ethylhexylglycerin, Sodium Hyaluronate, Allantoin, Panthenol, Xanthan Gum, Ethyl Hexanediol, Citrus Medica Limonum (Lemon) Peel Oil, Melaleuca Alternifolia (Tea Tree) Leaf Oil","Allantoin, Panthenol","ลดการระคายเคือง, ปลอบประโลมผิว, เพิ่มความชุ่มชื้น, ฟื้นฟูผิว, ลดการระคายเคือง"
41,NU FORMULA,cleanser,Nu Formula Barrier Care pH5.5 Cleanser,normal,265ml,550,,,
42,GRAVICH,cleanser,Gravich Acne Clear Plus Salicylic Cleanser,normal,250ml,590,,,
43,MIZUMI,cleanser,MizuMi pH Balancing Facial Cleanser,normal,100ml,290,"Aqua (Water), Sodium Cocoyl Isethionate, Glycerin, Cetearyl Alcohol, PEG-80 Sorbitan Laurate, Sodium Methyl Cocoyl Taurate, Coco-Glucoside, Glyceryl Oleate, Caprylic/​Capric Triglyceride, Sodium Chloride, Zea Mays (Corn) Starch, Citric Acid, Disodium EDTA, Propylene Glycol, Hydroxyacetophenone, Moringa Oleifera Seed Extract, Saccharide Isomerate, Hydrogenated Lecithin, Phytosteryl/​Octyldodecyl Lauroyl Glutamate, Glycine Soja (Soybean) Sterols, Tocopherol",Tocopherol,"ต้านอนุมูลอิสระ, บำรุงผิว, เพิ่มความชุ่มชื้น"
44,GLAD2GLOW,cleansing,Glad2Glow Cleansing Micellar Water(Sensitive),normal,300ml,488,,,
45,SRICHAND,cleansing,Srichand Skin Moisture Burst Bi-Phase Cleansing Water,normal,400ml,289,,,
46,GRAVICH,cleansing,Gravich Micellar Clear Acne Cleansing Water,"normal, oily",500ml,390,,,
47,PLANTNERY,cleansing,Plantnery Rice Ceramide Cleansing Balm,dry,60g,459,,,
48,PLANTNERY,cleansing,Plantnery Tea Tree First Cleansing Water,"combination, oily",300ml,350,"Deionized Water, Butylene Glycol, Glycerin, PEG-6 Caprylic/​Capric Glycerides, Coco-Glucoside, Glyceryl Oleate, Phenoxyethanol, Disodium EDTA, PEG-40 Hydrogenated Castor Oil, Melaleuca Alternifolia Leaf Oil, Hamamelis Virginiana Leaf Water, Sodium Hyaluronate, Niacinamide, Pyridoxine Hydrochloride, Panthenol, Carnitine, Zinc Pca, Ethylhexylglycerin, Cocamidopropyl Dimethylamine, Salicylic Acid","Niacinamide, Salicylic Acid, Panthenol","ลดรอยดำ, รอยสิว, ควบคุมความมัน, เสริมเกราะป้องกันผิว, ผลัดเซลล์ผิว, ลดสิวอุดตัน, ลดการอักเสบของสิว, เพิ่มความชุ่มชื้น, ฟื้นฟูผิว, ลดการระคายเคือง"
49,COSRX,cleansing,COSRX Low pH Niacinamide Micellar Cleansing Water,dry,400ml,480,"Water, Dipropylene Glycol, Polyglyceryl-4 Caprate, Panthenol, Sodium Hyaluronate, Allantoin, Niacinamide(1,000Ppm), Zinc Pca, Madecassoside, Propanediol, Caprylyl Glycol, Ethylhexylglycerin, 1,2-Hexanediol, Sodium Citrate, Citric Acid, Disodium EDTA","Niacinamide, Allantoin, Panthenol","ลดรอยดำ, รอยสิว, ควบคุมความมัน, เสริมเกราะป้องกันผิว, ลดการระคายเคือง, ปลอบประโลมผิว, เพิ่มความชุ่มชื้น, ฟื้นฟูผิว, ลดการระคายเคือง"
50,PLANTNERY,cleansing,Plantnery CICA Micellar Sensitive Cleansing Water ,normal,500ml,490,,,
51,NU FORMULA,essence,Nu Formula Pro White Essence Lotion,normal,150ml,699,"Aqua (Water), Butylene Glycol, Propylene Glycol, Propanediol, PEG/​PPG-17/​6 Copolymer, Phenoxyethanol, Glycerin, Trehalose, Polysorbate 20, Chlorphenesin, Carbomer, Niacinamide, Disodium EDTA, Sodium Hydroxide, Benzotriazolyl Dodecyl P-Cresol, Tris(Tetramethylhydroxypiperidinol) Citrate, 1,2-Hexanediol, Sodium Citrate, 3-O-Ethyl Ascorbic Acid, Tranexamic Acid, Panthenol, Cystoseira TamariscIfolia Extract, Citrus Reticulata (Tangerine) Peel Extract, Xanthan Gum, Zinc Pca, Tocopheryl Acetate, Allantoin, Alpha-Arbutin, Centella Asiatica Extract, Aloe Barbadensis Leaf Extract, Ethylhexylglycerin, Caprylyl Glycol, Leontopodium Alpinum Extract, Glycyrrhiza Glabra (Licorice) Root Extract, Hibiscus Sabdariffa Flower Extract, Glucose, Magnesium Pca, Sodium Lactate, Sodium Hyaluronate, Copper Tripeptide-1, Glutathione, Potassium Sorbate, Sodium Benzoate, Chondrus Crispus Extract, Serine, Sucrose, Urea, Glycine, Calcium Chloride, Potassium Hydroxide, Ornithine, Maris Sal (Sea Salt), Alanine, Magnesium Chloride, Hydroxypropyltrimonium Hyaluronate, Threonine, Histidine, Aspartic Acid, Valine, Proline, Dipotassium Phosphate, Lysine, Leucine, Tyrosine, Isoleucine, Magnesium Citrate, Glucosamine Hcl, Phenylalanine, Glutamic Acid, Arginine, 1-Methylhydantoin-2-Imide, Asparagine, Citrulline, Uric Acid, Methionine, Taurine, Hydrolyzed Hyaluronic Acid, Sodium Acetylated Hyaluronate, Tryptophan, Formic Acid, Ammonia, Glutamine, Cysteine, Hyaluronic Acid, Sodium Hyaluronate Crosspolymer, Hydrolyzed Sodium Hyaluronate, Potassium Hyaluronate","Niacinamide, Hyaluronic Acid, Centella Asiatica, Allantoin, Panthenol","ลดรอยดำ, รอยสิว, ควบคุมความมัน, เสริมเกราะป้องกันผิว, เพิ่มความชุ่มชื้น, กักเก็บน้ำในผิว, ลดการอักเสบ, ลดรอยแดง, ฟื้นฟูผิว, ลดการระคายเคือง, ปลอบประโลมผิว, เพิ่มความชุ่มชื้น, ฟื้นฟูผิว, ลดการระคายเคือง"
52,BEAUTY OF JOSEON,essence,Beauty Of Joseon Ginseng Essence Water,normal,150ml,690,"Panax Ginseng Root Water, Butylene Glycol, Glycerin, Propanediol, Niacinamide, 1,2-Hexanediol, Water, Hydroxyacetophenone, Glyceryl Glucoside, Xanthan Gum, Panthenol, Dipotassium Glycyrrhizate, Allantoin, Adenosine, Panax Ginseng Callus Culture Extract, Theobroma Cacao(Cocoa) Extract, Dextrin, Glucose, Panax Ginseng Root Extract, Panax Ginseng Berry Extract, Lactobacillus/​Panax Ginseng Root Extract Ferment Filtrate, Sodium Hyaluronate, Ethylhexylglycerin, Disodium EDTA","Niacinamide, Allantoin, Panthenol","ลดรอยดำ, รอยสิว, ควบคุมความมัน, เสริมเกราะป้องกันผิว, ลดการระคายเคือง, ปลอบประโลมผิว, เพิ่มความชุ่มชื้น, ฟื้นฟูผิว, ลดการระคายเคือง"
53,COSRX,essence,COSRX Advanced Snail 96 Mucin Power Essence,dry,100ml,620,"Snail Secretion Filtrate, Betaine, Butylene Glycol, 1,2-Hexanediol, Sodium Polyacrylate, Phenoxyethanol, Sodium Hyaluronate, Allantoin, Ethyl Hexanediol, Carbomer, Panthenol, Arginine","Allantoin, Panthenol","ลดการระคายเคือง, ปลอบประโลมผิว, เพิ่มความชุ่มชื้น, ฟื้นฟูผิว, ลดการระคายเคือง"
54,SRICHAND,essence,Srichand Barrier Boost Essence,normal,150ml,435,,,
55,SRICHAND,essence,Srichand Skin Moisture Burst Essence,normal,150ml,435,"Water, Dipropylene Glycol, Butylene Glycol, Betaine, 1,2-Hexanediol, Niacinamide, PEG/​PPG-17/​6 Copolymer, Panthenol, Ethylhexylglycerin, Allantoin, Octyldodeceth-16, Chondrus Crispus Extract, Carbomer, Saccharum Officinarum (Sugarcane) Extract, Tromethamine, Xanthan Gum, Disodium EDTA, Sodium Hyaluronate, Hamamelis Virginiana (Witch Hazel) Extract, Phenoxyethanol, Tocopherol, Glyceryl Glucoside, Glycerin, Glucose","Niacinamide, Allantoin, Panthenol, Tocopherol","ลดรอยดำ, รอยสิว, ควบคุมความมัน, เสริมเกราะป้องกันผิว, ลดการระคายเคือง, ปลอบประโลมผิว, เพิ่มความชุ่มชื้น, ฟื้นฟูผิว, ลดการระคายเคือง, ต้านอนุมูลอิสระ, บำรุงผิว, เพิ่มความชุ่มชื้น"
56,SRICHAND,essence,Srichand Super C Brightening Intense Essence,normal,150ml,435,"Water, Dipropylene Glycol, Pentylene Glycol, Butylene Glycol, Betaine, Niacinamide, Centella Asiatica Extract, PEG/PPG-17/6 COPOLYMER 6920, 1,2-Hexanediol, Panthenol, Hydroxyacetophenone, Glycerin, Methylpropanediol, Allantoin, Caffeine, C12-14 Alketh-12, Phenoxyethanol, Chondrus Crispus Extract, Carbomer, Saccharum Officinarum Extract, Tromethamine, Ethylhexylglycerin, Glyceryl Glucoside, Dipotassium Glycyrrhizate, Xanthan Gum, Sodium Phytate, Sodium Hyaluronate, Saccharomyces/​Hippophae Rhamnoides Fruit Ferment Filtrate, Tranexamic Acid, Glucose, Chlorella Vulgaris Extract, Hydrogenated Lecithin, Ascorbyl Glucoside, Glycogen, Sodium Ascorbyl Phosphate, Ectoin, Fructose, Fructooligosaccharides, Alpha-Arbutin, Cholesterol, Cynanchum Atratum Extract, Cetearyl Alcohol, Sorbitan Laurate, Stearic Acid, Ascorbic Acid, Chitosan, Glycolic Acid, Althaea Rosea Flower Extract, Hydroxyethylcellulose, Hydroxypropyltrimonium Hyaluronate, Acetyl Dipeptide-1 Cetyl Ester, Ceramide NP, Tocopherol, Beta-Glucan, Caprylyl Glycol, 3-O-Ethyl Ascorbic Acid, Hippophae Rhamnoides Oil, Sodium Acetylated Hyaluronate, Hydrolyzed Hyaluronic Acid, Hyaluronic Acid, Phytosphingosine, Ceramide NS, Ceramide NG, Ceramide AP, Sodium Hyaluronate Crosspolymer, Ceramide AS, Hydrolyzed Sodium Hyaluronate, Potassium Hyaluronate, Ceramide EOP","Niacinamide, Hyaluronic Acid, Ceramide NP, Ceramide AP, Glycolic Acid, Centella Asiatica, Allantoin, Panthenol, Tocopherol","ลดรอยดำ, รอยสิว, ควบคุมความมัน, เสริมเกราะป้องกันผิว, เพิ่มความชุ่มชื้น, กักเก็บน้ำในผิว, ผิวแห้ง, ผิวแพ้ง่าย, After-acids/retinoids, ผิวแห้งหยาบ, ผิวลอกเป็นขุย, ผลัดเซลล์ผิว, ลดรอยสิว, ลดความหมองคล้ำ, ลดการอักเสบ, ลดรอยแดง, ฟื้นฟูผิว, ลดการระคายเคือง, ปลอบประโลมผิว, เพิ่มความชุ่มชื้น, ฟื้นฟูผิว, ลดการระคายเคือง, ต้านอนุมูลอิสระ, บำรุงผิว, เพิ่มความชุ่มชื้น"
57,EUCERIN,essence,Eucerin Even Skin Spotless Brightening Boosting Essence,normal,100ml,1350,"Aqua, Alcohol Denat, Butylene Glycol, Glycerin, Panthenol, Dexpanthenol, PEG-40 Hydrogenated Castor Oil, Sodium Ascorbyl Phosphate, Sodium Hyaluronate, Pantolactone, Phenoxyethanol, 1,2-Hexanediol, Citric Acid, Parfum",Panthenol,"เพิ่มความชุ่มชื้น, ฟื้นฟูผิว, ลดการระคายเคือง"
58,VIKKASKINCARE,essence,VIKKASKINCARE Pico Biotic x Mushroom Pollubloc Essence,normal,100ml,850,"Aqua, Glycerin, Glycereth-26, Methyl Gluceth-20, Propanediol, 1,2-Hexanediol, Phenoxyethanol, Ectoin, Hydroxyacetophenone, Butylene Glycol, Fomes Officinalis Extract, Saccharomyces/​Viscum Album Ferment Extract, Pentylene Glycol, Disodium EDTA, Ethylhexylglycerin, Lentinus Edodes Extract, Lactobacillus/​Soybean Ferment Extract, Sodium Hyaluronate, Saccharomyces/​Imperata Cylindrica Root Ferment Extract, Platycarya Strobilacea Extract, Psoralea Corylifolia Fruit Extract, Sophora Flavescens Root Extract, Sparassis Crispa Extract, Zinc Pca, Beta-Glucan, Lanolin, Propylene Glycol, PEG-40 Hydrogenated Castor Oil, Lecithin, Polysorbate 60, Sodium Benzoate, Potassium Sorbate, Asiaticoside, Madecassic Acid, Asiatic Acid",,
59,YOU,essence,Y.O.U AcnePlus AHA BHA PHA Daily Essence,oily,80ml,379,,,
60,KOSE,essence,KOSE Sekkisei Lotion Original,normal,200ml,1450,"Water (Aqua), Alcohol, Glycerin, Angelica Acutiloba Root Extract, Coix Lacryma-Jobi (Job'S Tears) Seed Extract, Dipotassium Glycyrrhizate, Hamamelis Virginiana (Witch Hazel) Extract, Melothria Heterophylla Extract, Tocopheryl Acetate, Triticum Vulgare (Wheat) Germ Oil, Citric Acid, Di-C12-15 Pareth-8 Phosphate, Ethylhexyl Methoxycinnamate, Polysorbate 80, Sodium Citrate, Sorbitan Sesquioleate, Triethylhexanoin, Ethylparaben, Methylparaben, Propylparaben, Fragrance (Parfum)",,
61,LOREAL,serum,Loreal Paris Glycolic Bright Anti-Dark Spot Brightening Serum,normal,30ml,799,,,
62,LAROCHEPOSAY,serum,La Roche-Posay Effaclar Serum,normal,30ml,1390,"Aqua/​Water/​Eau, Alcohol Denat, Propanediol, Glycolic Acid, Niacinamide, Dimethyl Isosorbide, Pentylene Glycol, Salicylic Acid, Sodium Hydroxide, PPG-26-Buteth-26, Hydroxyethylpiperazine Ethane Sulfonic Acid, Citric Acid, PEG-30 Glyceryl Cocoate, PEG-40 Hydrogenated Castor Oil, PEG-60 Hydrogenated Castor Oil, Capryloyl Salicylic Acid, Biosaccharide Gum-1, Maltodextrin, Phytic Acid, Polyquaternium-10, Parfum/​Fragrance","Niacinamide, Salicylic Acid, Glycolic Acid","ลดรอยดำ, รอยสิว, ควบคุมความมัน, เสริมเกราะป้องกันผิว, ผลัดเซลล์ผิว, ลดสิวอุดตัน, ลดการอักเสบของสิว, ผลัดเซลล์ผิว, ลดรอยสิว, ลดความหมองคล้ำ"
63,SKIN1004,serum,SKIN1004 Hyalu-Cica Blue Serum,"normal, dry",50ml,690,"Water, Centella Asiatica Leaf Water, Butylene Glycol, 1,2-Hexanediol, Niacinamide, Glycerin, Pantolactone, Hibiscus Esculentus Fruit Extract, Sodium Hyaluronate, Hydrolyzed Hyaluronic Acid, Hyaluronic Acid, Methylpropanediol, Panthenol, Cetearyl Olivate, Carbomer, Arginine, Sorbitan Olivate, Caprylic/​Capric Triglyceride, Pyrus Communis (Pear) Fruit Extract, Pentylene Glycol, Adenosine, Polyglutamic Acid, Rosa Damascena Flower Water, Artemisia Princeps Leaf Extract, Cucumis Melo (Melon) Fruit Extract, Iris Florentina Root Extract, Ethylhexylglycerin, Hedera Helix (Ivy) Leaf/​Stem Extract, Sodium Phytate, Xanthan Gum, Maltodextrin, Hydrolyzed Gardenia Florida Extract, Hydrogenated Lecithin, Ceramide NP, Sodium Hyaluronate Crosspolymer, Hydrolyzed Sodium Hyaluronate","Niacinamide, Hyaluronic Acid, Ceramide NP, Centella Asiatica, Panthenol","ลดรอยดำ, รอยสิว, ควบคุมความมัน, เสริมเกราะป้องกันผิว, เพิ่มความชุ่มชื้น, กักเก็บน้ำในผิว, ผิวแห้ง, ผิวแพ้ง่าย, After-acids/retinoids, ลดการอักเสบ, ลดรอยแดง, ฟื้นฟูผิว, เพิ่มความชุ่มชื้น, ฟื้นฟูผิว, ลดการระคายเคือง"
64,CLEARNOSE,serum,Clear Nose Acne Care Solution Facial Serum,normal,100ml,890,"Water, Cyclopentasiloxane, Propylene Glycol, Sodium Acrylate/​Sodium Acryloyldimethyl Taurate Copolymer, Phenoxyethanol, Isohexadecane, Butylene Glycol, Polysorbate 80, Chlorphenesin, Ethoxydiglycol, Disodium EDTA, Glycerin, Niacinamide, Salicylic Acid, Tocopheryl Acetate, Sorbitan Oleate, Bisabolol, Fragrance, Aloe Barbadensis Leaf Juice, Maltodextrin, Zinc Pca, Prunus Yedoensis Leaf Extract, 10-Hydroxydecanoic Acid, Sebacic Acid, Potassium Sorbate, Sodium Benzoate, 1,10-Decanediol","Niacinamide, Salicylic Acid","ลดรอยดำ, รอยสิว, ควบคุมความมัน, เสริมเกราะป้องกันผิว, ผลัดเซลล์ผิว, ลดสิวอุดตัน, ลดการอักเสบของสิว"
65,SRICHAND,serum,Srichand Barrier Boost Serum,normal,30ml,495,"Aqua (Water), Dipropylene Glycol, Pentylene Glycol, Coco-Caprylate/​Caprate, Phenoxyethanol, Glycerin, Panthenol, Polyacrylamide, Chlorphenesin, C13-14 Isoalkane, Acrylates/​C10-30 Alkyl Acrylate Crosspolymer, Dipotassium Glycyrrhizate, Allantoin, Sodium Hydroxide, Laureth-7, Disodium EDTA, Butylene Glycol, Ectoin, Glycogen, 1,2-Hexanediol, Centella Asiatica Leaf Extract, Phospholipids, Saccharide Isomerate, Sodium Lauroyl Lactylate, Algin, Caprylyl Glycol, Glyceryl Polyacrylate, Pullulan, Sodium Hyaluronate, Ethylhexylglycerin, Castanea Sativa (Chestnut) Leaf Extract, Inositol, Sphingolipids, Sodium Phosphate, Aphanothece Sacrum Polysaccharides, Ceramide NP, Sodium Citrate, P-Anisic Acid, Ceramide AP, Phytosphingosine, Cholesterol, Xanthan Gum, Carbomer, Tocopherol, Centella Asiatica Leaf Vesicles, Ceramide EOP","Ceramide NP, Ceramide AP, Centella Asiatica, Allantoin, Panthenol, Tocopherol","ผิวแห้ง, ผิวแพ้ง่าย, After-acids/retinoids, ผิวแห้งหยาบ, ผิวลอกเป็นขุย, ลดการอักเสบ, ลดรอยแดง, ฟื้นฟูผิว, ลดการระคายเคือง, ปลอบประโลมผิว, เพิ่มความชุ่มชื้น, ฟื้นฟูผิว, ลดการระคายเคือง, ต้านอนุมูลอิสระ, บำรุงผิว, เพิ่มความชุ่มชื้น"
66,SRICHAND,serum,Srichand Advanced Anti-Melasma Serum,normal,30ml,495,,,
67,LOREAL,serum,Loreal Paris Revitalift Hyaluronic Acid Replumping Serum,normal,30ml,799,"Aqua, Glycerin, Hydroxyethylpiperazine Ethane Sulfonic Acid, Sodium Hyaluronate, Citric Acid, Dipeptide Diaminobutyroyl Benzylamide Diacetate, Secale Cereale Seed Extract, Sodium Acetylated Hyaluronate, Trisodium Ethylenediamine Disuccinate, Ascorbyl Glucoside, PEG-60 Hydrogenated Castor Oil, Pentylene Glycol, Benzyl Alcohol, Benzyl Benzoate, Benzyl Salicylate, Citronellol, Linalool, Chlorphenesin, Phenoxyethanol, Fragrance",,
68,NIVEA,serum,Nivea Luminous630 Skin Glow Serum,normal,30ml,469,"Aqua, Glycerin, Alcohol Denat, Niacinamide, PEG-40 Hydrogenated Castor Oil, Isobutylamido Thiazolyl Resorcinol, Sodium Hyaluronate, Aloe Barbadensis Leaf Juice Powder, Glucosylrutin, Isoquercitrin, Trisodium EDTA, Citric Acid, Phenoxyethanol, Parfum, Ci 16035",Niacinamide,"ลดรอยดำ, รอยสิว, ควบคุมความมัน, เสริมเกราะป้องกันผิว"
69,SKIN1004,serum,SKIN1004 Madagascar Centella Ampoule,normal,55ml,790,"Water, Glycerin, Butylene Glycol, Centella Asiatica Extract, 1,2-Hexanediol, Cellulose Gum, Ethylhexylglycerin",Centella Asiatica,"ลดการอักเสบ, ลดรอยแดง, ฟื้นฟูผิว"
70,CLEARNOSE,serum,Clear Nose VItamin C Super Serum,normal,120ml,1099,"Water, Niacinamide, Butylene Glycol, Betaine, Glycerin, Magnesium Ascorbyl Phosphate, Caprylyl 2-Glyceryl Ascorbate, Ascorbyl Palmitate, Ascorbyl Tetraisopalmitate, Tocopherol, Tocopheryl Acetate, Ferulic Acid, Salicylic Acid, Arbutin, Glutathione, Aloe Barbadensis Leaf Juice Powder, Narcissus Poeticus Callus Extract, Hamamelis Virginiana (Witch Hazel) Extract, Citrus Junos Fruit Extract, Algae Extract, Anthemis Nobilis Flower Extract, Citrus Sinensis Peel Oil Expressed, Citrus Aurantium Amara Peel Extract, Citrus Nobilis (Mandarin Orange) Fruit Extract, Oenothera Biennis (Evening Primrose) Seed Extract, Palmitic Acid, Palmitoyl Sh-Octapeptide-24 Amide, Palmitoyl Sh-Tripeptide-5 Norisoleucyl Sh-Nonapeptide-1, Palmitoyl Tripeptide-5, Pancratium Maritimum Extract, Phellodendron Amurense Bark Extract, Cynara Scolymus (Artichoke) Leaf Extract, Dna, Phenylpropanol, Prunus Persica (Peach) Leaf Extract, Rehmannia Chinensis Root Extract, Malic Acid, Citric Acid, Lecithin, Pentylene Glycol, Caprylic/​Capric Triglyceride, Polysorbate 80, Beeswax, Benzalkonium Chloride, Butyrospermum Parkii (Shea) Butter, Camellia Sinensis Leaf Extract, Caprylyl Glycol, Hibiscus Esculentus Fruit Extract, Houttuynia Cordata Extract, Fucus Vesiculosus Extract, Isomerized Safflower Acid, Kaolin, Linseed Acid, Ascorbic Acid","Niacinamide, Salicylic Acid, Tocopherol","ลดรอยดำ, รอยสิว, ควบคุมความมัน, เสริมเกราะป้องกันผิว, ผลัดเซลล์ผิว, ลดสิวอุดตัน, ลดการอักเสบของสิว, ต้านอนุมูลอิสระ, บำรุงผิว, เพิ่มความชุ่มชื้น"
71,TORRIDEN,serum,Torriden Dive In Hyaluronic Acid Serum,"normal, dry",50ml,650,"Water, Butylene Glycol, Glycerin, Dipropylene Glycol, 1,2-Hexanediol, Panthenol, Sodium Hyaluronate, Hydrolyzed Hyaluronic Acid, Sodium Acetylated Hyaluronate, Sodium Hyaluronate Crosspolymer, Hydrolyzed Sodium Hyaluronate, Allantoin, Trehalose, Betaine, Propanediol, Portulaca Oleracea Extract, Hamamelis Virginiana Extract, Madecassoside, Madecassic Acid, Ceramide NP, Beta-Glucan, Malachite Extract, Cholesterol, Pentylene Glycol, Glyceryl Acrylate/​Acrylic Acid Copolymer, Pvm/​Ma Copolymer, Polyglyceryl-10 Laurate, Xanthan Gum, Tromethamine, Carbomer, Ethylhexylglycerin, Scutellaria Baicalensis Root Extract, Paeonia Suffruticosa Root Extract","Hyaluronic Acid, Ceramide NP, Allantoin, Panthenol","เพิ่มความชุ่มชื้น, กักเก็บน้ำในผิว, ผิวแห้ง, ผิวแพ้ง่าย, After-acids/retinoids, ลดการระคายเคือง, ปลอบประโลมผิว, เพิ่มความชุ่มชื้น, ฟื้นฟูผิว, ลดการระคายเคือง"
72,DR.PONG,serum,Dr.Pong 15C Antioxidant Vitamin C Shake Shake Serum,normal,10ml,1000,"Aqua, Ascorbic Acid, Propanediol, Pentylene Glycol, Hyaluronic Acid, PolyIsopropylAcrylamideCopolymer, Butylene Glycol, Glutathione, Sodium Hydroxide, Gluconolactone, Silanediol Salicylate, Sodium Citrate, Adenosine, Cyclodextrin, Citric Acid, Fullerenes, PVP, Phenoxyethanol, EDTA","Gluconolactone, Hyaluronic Acid","เพิ่มความชุ่มชื้น, กักเก็บน้ำในผิว"
73,SKIN1004,moisturizer,SKIN1004 Madagascar Centella Soothing Cream,oily,75ml,690,"Centella Asiatica Extract (72 %), Glycerin, Propanediol, Dipropylene Glycol, Cyclomethicone, Water, 1, 2 - Hexanediol, Trehalose, Caprylyl Methicone, C12 - 14 Pareth - 12, Carbomer, Tromethamine, Ammonium Acryloyldimethyltaurate/​VP Copolymer, C30 - 45 Alkyl Cetearyl Dimethicone Crosspolymer, Xanthan Gum, Mentha Piperita Leaf ( Peppermint ) Extract, Zingiber Officinale (Ginger) Root Extract, Butylene Glycol, Ethylhexylglycerin, Dipotassium Glycyrrhizate, Tranexamic Acid, Coptis Chinensis Root Extract, Theobroma Cacao (Cocoa) Extract, Dextrin, Leuconostoc/​Radish Root Ferment Filtrate, Biosaccharide Gum - 1, Disodium EDTA, Sodium Hyaluronate, Beta-Glucan, Ceramide EOP, Ceramide NS, Ceramide NP, Ceramide AP, Phytosphingosine, Hydrogenated Lecithin, Cetearyl Alcohol, Stearic Acid, Cholesterol","Ceramide NP, Ceramide AP, Centella Asiatica","ผิวแห้ง, ผิวแพ้ง่าย, After-acids/retinoids, ผิวแห้งหยาบ, ผิวลอกเป็นขุย, ลดการอักเสบ, ลดรอยแดง, ฟื้นฟูผิว"
74,DR.G,moisturizer,Dr.G R.E.D Blemish Clear Soothing Cream,normal,30ml,590,"Water, Glycerin, Butylene Glycol, C13-16 Isoalkane, Niacinamide, C12-14 Isoparaffin, 1,2-Hexanediol, Hydrogenated Polydecene, Pentylene Glycol, Vinyl Dimethicone, Caprylyl Methicone, Hydroxyethyl Acrylate/​Sodium Acryloyldimethyl Tauratecopolymer, Panthenol, Acrylates/​C10-30 Alkyl Acrylate Crosspolymer, Dimethiconol, Polymethylsilsesquioxane, Tromethamine, Dipotassium Glycyrrhizate, Glyceryl Acrylate/​Acrylic Acid Copolymer, Ethylhexylglycerin, Xanthan Gum, Disodium EDTA, Beta-Glucan, Centella Asiatica Extract, Madecassoside, Pyrus Malus (Apple) Fruit Extract, Epigallocatechin Gallate, Asiaticoside, Asiatic Acid, Madecassic Acid","Niacinamide, Centella Asiatica, Panthenol","ลดรอยดำ, รอยสิว, ควบคุมความมัน, เสริมเกราะป้องกันผิว, ลดการอักเสบ, ลดรอยแดง, ฟื้นฟูผิว, เพิ่มความชุ่มชื้น, ฟื้นฟูผิว, ลดการระคายเคือง"
75,DR.PONG,moisturizer,Dr.Pong CalmMEA 1.5 Soothing Cream,"normal, dry",50g,1600,,,
76,THE ORIGINOTE,moisturizer,The Originote CICA B5 Soothing Cream Moisturizer,"normal, dry",50ml,199,"Water, Caprylic/​Capric Triglyceride, Cetearyl Alcohol, Butylene Glycol, Glycerin, Centella Asiatica Leaf Water, Cetyl Alcohol, Silica, 1,2-Hexanediol, Panthenol, Cetyl Palmitate, Sorbitan Olivate, Sorbitan Palmitate, Palmitic Acid, Stearic Acid, Hydrogenated Lecithin, Polyglyceryl-3 Methylglucose Distearate, Beeswax, Hydroxyethyl Acrylate/​Sodium Acryloyldimethyl Taurate Copolymer, Glyceryl Stearate, Caprylyl Glycol, Carbomer, Tromethamine, Propanediol, Ethylhexylglycerin, Disodium EDTA, Myristic Acid, Tremella Fuciformis (Mushroom) Extract, Arachidic Acid, Ascorbyl Glucoside, Lauric Acid, Oleic Acid, Magnesium Chloride, Calcium Gluconate, Tocopherol, Pyridoxine Hcl, Yeast Extract, Ceramide NP, Cyanocobalamin, Ceramide NS, Cholesterol, Phytosphingosine, Ceramide AP, Ceramide AS, Dipropylene Glycol, Pentylene Glycol, Ceramide EOP, Chitosan","Ceramide NP, Ceramide AP, Centella Asiatica, Panthenol, Tocopherol","ผิวแห้ง, ผิวแพ้ง่าย, After-acids/retinoids, ผิวแห้งหยาบ, ผิวลอกเป็นขุย, ลดการอักเสบ, ลดรอยแดง, ฟื้นฟูผิว, เพิ่มความชุ่มชื้น, ฟื้นฟูผิว, ลดการระคายเคือง, ต้านอนุมูลอิสระ, บำรุงผิว, เพิ่มความชุ่มชื้น"
77,LOREAL,moisturizer,Loreal Paris Glycolic Bright Glowing Cream Night,normal,50ml,599,"Aqua/​Water, Glycerin, Niacinamide, Alcohol, Dipropylene Glycol, Dimethicone, Butylene Glycol, PEG-8, PEG/​PPG/​Polybutylene Glycol-8/​5/​3 Glycerin, Zea Mays Starch /​ Corn Starch, Ci 16035/​Red 40, Linalool, Ellagic Acid, Carbomer, Glycolic Acid, Dimethiconol, Sodium Hydroxide, Sodium Citrate, Sodium Hyaluronate, Sodium Benzoate, Phenoxyethanol, Mannitol, Phenylethyl Resorcinol, Ammonium Polyacryloyldimethyl Taurate, Ascorbyl Glucoside, Tocopheryl Acetate, Limonene, Paeonia Suffruticosa Root Extract, Caprylyl Glycol, Microcrystalline Cellulose, Capryloyl Salicylic Acid, Tetrasodium EDTA, Hydrolyzed Lupine Protein, Hexyl Cinnamal, Benzyl Alcohol, Parfum/​Fragrance","Niacinamide, Salicylic Acid, Glycolic Acid","ลดรอยดำ, รอยสิว, ควบคุมความมัน, เสริมเกราะป้องกันผิว, ผลัดเซลล์ผิว, ลดสิวอุดตัน, ลดการอักเสบของสิว, ผลัดเซลล์ผิว, ลดรอยสิว, ลดความหมองคล้ำ"
78,ATOPALM,moisturizer,Atopalm Soothing Gel Lotion,normal,120ml,590,"Water, Butylene Glycol, Glycerin, Pentaerythrityl Stearate/​Caprate/​Caprylate/​Adipate, 1,2-Hexanediol, Cetearyl Alcohol, Ammonium Acryloyldimethyltaurate/​VP Copolymer, Caprylic/​Capric Glycerides, Glyceryl Stearate Citrate, Sorbitan Stearate, Stearic Acid, Carbomer, Myristoyl/​Palmitoyl Oxostearamide/​Arachamide MEA, Sea Water, Phytosterols, Helianthus Annuus (Sunflower) Seed Oil, Palmitoyl Palmitamide Mea, Bis-Capryloyloxypalmitamido Isopropanol, N-Decanoyl Serinol, Sodium Hyaluronate, Tanacetum Annuum Flower Oil, Anthemis Nobilis Flower Extract, Salvia Officinalis (Sage) Oil, Pogostemon Cablin Oil, Elettaria Cardamomum Seed Oil, Mentha Arvensis Leaf Oil, Anthemis Nobilis Flower Oil, Juniperus Mexicana Oil, Leucine, Azulene, Lysine, Phenylalanine, Threonine, Valine",,
79,ATOPALM,moisturizer,Atopalm MLE Lotion,"combination, dry",120ml,690,"Water/​Aqua, Caprylic/​Capric Triglyceride, Glycerin, Butylene Glycol, Pentylene Glycol, Cetearyl Alcohol, Pentaerythrityl Stearate/​Caprate/​Caprylate/​Adipate, Simmondsia Chinensis (Jojoba) Seed Oil, Polyglyceryl-5 Stearate, Sodium Hyaluronate, Stearic Acid, Glyceryl Stearate, Sorbitan Stearate, Butyrospermum Parkii (Shea) Butter, Hydrogenated Vegetable Oil, Tocopherol, Palmitoyl Palmitamide Mea, Bis-Capryloyloxypalmitamido Isopropanol, N-Decanoyl Serinol, Allantoin, Houttuynia Cordata Extract, Leucine, Lysine, Phenylalanine, Threonine, Valine, Phytosterols, Carbomer, Phytosteryl Oleate, Xanthan Gum, Sodium Phytate, Arginine, Helianthus Annuus (Sunflower) Seed Oil, Salvia Officinalis (Sage) Oil, Elettaria Cardamomum Seed Oil, Beta-Glucan, Pogostemon Cablin Oil, Juniperus Mexicana Oil, Juniperus Communis Fruit Oil, Anthemis Nobilis Flower Oil, 1,2-Hexanediol, Caprylic/​Capric Glycerides","Allantoin, Tocopherol","ลดการระคายเคือง, ปลอบประโลมผิว, ต้านอนุมูลอิสระ, บำรุงผิว, เพิ่มความชุ่มชื้น"
80,LAROCHEPOSAY,moisturizer,La Roche-Posay CICAPLAST BaUME B5+,dry,100ml,1050,"Water, Hydrogenated ­Polyisobutene, Dimethicone, Glycerin, Butyrospermum ­Parkii ­Butter, Panthenol, Aluminum ­Starch ­Octenylsuccinate, Butylene ­Glycol, Propanediol, Cetyl ­PEG/​PPG-­10/​1 ­Dimethicone, Trihydroxystearin, Zinc ­Gluconate, Madecassoside, Manganese ­Gluconate, Silica, Aluminum ­Hydroxide, Magnesium ­Sulfate, Disodium ­EDTA, Copper ­Gluconate, Citric ­Acid, Acetylated ­Glycol ­Stearate, Polyglyceryl-­4 ­Isostearate, Tocopherol, Pentaerythrityl ­Tetra-­Di-­T-­Butyl ­Hydroxyhydrocinnamate, Sodium ­Benzoate, Phenoxyethanol","Panthenol, Tocopherol","เพิ่มความชุ่มชื้น, ฟื้นฟูผิว, ลดการระคายเคือง, ต้านอนุมูลอิสระ, บำรุงผิว, เพิ่มความชุ่มชื้น"
81,LAROCHEPOSAY,moisturizer,La Roche-Posay Effaclar DUO+M,oily,40ml,1090,"Aqua/​Water/​Eau, Glycerin, Dimethicone, Isocetyl Stearate, Niacinamide, Isopropyl Lauroyl Sarcosinate, Silica, Ammonium Polyacryloyldimethyl Taurate, Oryza Sativa Starch /​ Rice Starch, Punica Granatum Pericarp Extract, Potassium Cetyl Phosphate, Sorbitan Oleate, Zinc Pca, Glyceryl Stearate SE, Isohexadecane, Sodium Hydroxide, Myristyl Myristate, 2-Oleamido-1,3-Octadecanediol, Mannose, Poloxamer 338, Propanediol, Hydroxyethoxyphenyl Butanone, Capryloyl Salicylic Acid, Caprylyl Glycol, Vitreoscilla Ferment, Citric Acid, Trisodium Ethylenediamine Disuccinate, Maltodextrin, Xanthan Gum, Pentylene Glycol, Polysorbate 80, Acrylamide/​Sodium Acryloyldimethyltaurate Copolymer, Salicylic Acid, Piroctone Olamine, Parfum/​Fragrance","Niacinamide, Salicylic Acid","ลดรอยดำ, รอยสิว, ควบคุมความมัน, เสริมเกราะป้องกันผิว, ผลัดเซลล์ผิว, ลดสิวอุดตัน, ลดการอักเสบของสิว"
82,OXECURE,moisturizer,Oxecure Ultra Gentle Moisturizer,"normal, sensitive",75ml,360,"Water, Glycerin, Isononyl Isononanoate, Cetearyl Alcohol, C15-19 Alkane, Ammonium Acryloyldimethyltaurate/​VP Copolymer, Hydrogenated Polydecene, Propanediol, Glyceryl Stearate, Phenoxyethanol, PEG-100 Stearate, Squalane, Ceteth-10 Phosphate, Dicetyl Phosphate, Chlorphenesin, Phytosteryl/​Octyldodecyl Lauroyl Glutamate, Xanthan Gum, Disodium EDTA, Panthenol, Alpha-Glucan Oligosaccharide, Potassium Hydroxide, Maltodextrin, Polymnia Sonchifolia Root Juice, Ceteareth-25, Propylene Glycol, Aloe Barbadensis Leaf Extract, Cetyl Alcohol, BHT, Lactobacillus, Pantolactone, Behenic Acid, Ceramide NP, Cholesterol, Ceramide NS, Ethylhexylglycerin, Terminalia Ferdinandiana Fruit Extract, Ceramide AP, Ceramide EOP, Ceramide EOS, Caprooyl Phytosphingosine, Caprooyl Sphingosine, Ascorbyl Palmitate, Citric Acid, Glyceryl Oleate, Lecithin, Tocopherol, Anthemis Nobilis Flower Extract, Calendula Officinalis Flower Extract, Centaurea Cyanus Flower Extract, Chamomilla Recutita (Matricaria) Flower Extract, Hypericum Perforatum Flower/​Leaf/​Stem Extract, Tilia Cordata Flower Extract","Ceramide NP, Ceramide AP, Panthenol, Tocopherol","ผิวแห้ง, ผิวแพ้ง่าย, After-acids/retinoids, ผิวแห้งหยาบ, ผิวลอกเป็นขุย, เพิ่มความชุ่มชื้น, ฟื้นฟูผิว, ลดการระคายเคือง, ต้านอนุมูลอิสระ, บำรุงผิว, เพิ่มความชุ่มชื้น"
83,PROVAMED,moisturizer,Provamed Acniclear Bio-Peptide Anti Acne Moisturizer,"dry, oily",40ml,530,"Water, Glycerin, Niacinamide, Cetearyl Olivate, Dimethicone, Cetearyl Alcohol, Sorbitan Olivate, Isohexadecane, Phenoxyethanol, Silica, Ceteareth-20, Polymethylsilsesquioxane, Ammonium Acryloyldimethyltaurate/​VP Copolymer, Octyldodecanol, Zinc Pca, Salicylic Acid, Sodium Hyaluronate, Chlorphenesin, Acrylates/​C10-30 Alkyl Acrylate Crosspolymer, Amylopectin, Simmondsia Chinensis Seed Oil, Disodium EDTA, Tocopheryl Acetate, Dextrin, Sodium Hydroxide, Xanthan Gum, 1,2-Hexanediol, Echium Plantagineum Seed Oil, Avena Sativa Kernel Oil, Bacillus Ferment, Helianthus Annuus Seed Oil Unsaponifiables, Glycine Soja Oil, Salicyloyl Decapeptide-10, Hydrogenated Phosphatidylcholine, Cardiospermum Halicacabum Flower Leaf Vine Extract, Tocopherol, Sodium Oleate","Niacinamide, Salicylic Acid, Tocopherol","ลดรอยดำ, รอยสิว, ควบคุมความมัน, เสริมเกราะป้องกันผิว, ผลัดเซลล์ผิว, ลดสิวอุดตัน, ลดการอักเสบของสิว, ต้านอนุมูลอิสระ, บำรุงผิว, เพิ่มความชุ่มชื้น"
84,COSRX,moisturizer,COSRX Oil-free Ultra Moisturizing Lotion ,"combination, oily, sensitive",100ml,700,"Betula Platyphylla Japonica Juice, Butylene Glycol, Glycerin, Dimethicone, Betaine, Cetearyl Alcohol, 1,2-Hexanediol, Cetearyl Olivate, Ethyl Hexanediol, Sorbitan Olivate, Ethylhexylglycerin, Hydroxyethyl Acrylate/​Sodium Acryloyldimethyl Taurate Copolymer, Parfum, Allantoin, Panthenol, Xanthan Gum, Sodium Lactate, Sodium Hyaluronate, Sorbitan Isostearate, Polysorbate 60, Aqua/​Water, Limonene, Citral","Allantoin, Panthenol","ลดการระคายเคือง, ปลอบประโลมผิว, เพิ่มความชุ่มชื้น, ฟื้นฟูผิว, ลดการระคายเคือง"
85,ZEROID,moisturizer,Zeroid Pimprove Moisturizer ,oily,100ml,1199,"Water/​Aqua, Glycerin, Caprylic/​Capric Triglyceride, 1,2-Hexanediol, Myristoyl/​Palmitoyl Oxostearamide/​Arachamide MEA, Phytosterols, Stearic Acid, Oleamide Mea, Methylbenzyl Methylbenzimidazole Piperidinylmethanone, Tocopherol, Polyglyceryl-10 Distearate, Beta-Glucan, Sodium Hyaluronate, Allantoin, Sodium Polyacrylate, Carbomer, Arginine","Allantoin, Tocopherol","ลดการระคายเคือง, ปลอบประโลมผิว, ต้านอนุมูลอิสระ, บำรุงผิว, เพิ่มความชุ่มชื้น"
86,CORTHE,moisturizer,Corthe Moisture-RX Recharging,normal,150ml,1690,"Dimethicone, Water, Glycerin, Dipropylene Glycol, Cyclopentasiloxane, Dimethiconol, Aloe Barbadensis Leaf Extract, Sodium Hyaluronate, Sciadopitys Verticillata Root Extract, Canavalia Gladiata Fruit Extract, Triethanolamine, Carbomer, Phenoxyethanol, PEG-10 Dimethicone, Methylparaben, Panthenol, Allantoin, Betaine, Acrylates/​C10-30 Alkyl Acrylate Crosspolymer, Tocopheryl Acetate, Disodium EDTA, Centella Asiatica Extract, Portulaca Oleracea Extract, Hydrogenated Lecithin, Butylene Glycol","Centella Asiatica, Allantoin, Panthenol","ลดการอักเสบ, ลดรอยแดง, ฟื้นฟูผิว, ลดการระคายเคือง, ปลอบประโลมผิว, เพิ่มความชุ่มชื้น, ฟื้นฟูผิว, ลดการระคายเคือง"
87,ELITECARE,cleansing,Elite Care Pure Organic Micellar Water,,,,,,
88,CUTEPRESS,cleansing,Cute Press Pure Origin Micellar Cleansing Water,,,,,,
89,GARNIER,cleansing,Garnier Micellar Cleansing Water All-in-1,,,,,,
90,,,,,,,,,
91,,,,,,,,,
92,,,,,,,,,
93,,,,,,,,,
94,,,,,,,,,
95,,,,,,,,,